Company,Position,Type,Category,Mode
IBM, Software Engineer Intern, Paid, Technology, Remote
Hoolie, Software Engineer Intern, Unpaid, Technology, Remote
GoPhone, Marketing Intern, Paid, Marketing, Remote
Apple, Software Engineer Intern, Unpaid, Technology, Remote
Dunder Mifflin, Software Engineer Intern, Paid, Technology, Remote
Avalon Inc., Software Engineer Intern, Unpaid, Technology, Remote
Company 7, Software Engineer Intern, Paid, Technology, Remote
Company 8, Software Engineer Intern, Paid, Technology, Remote
Company 9, Software Engineer Intern, Paid, Technology, Remote
Company 10, Software Engineer Intern, Paid, Technology, Remote
Company 11, Software Engineer Intern, Unpaid, Technology, Remote
Company 12, Software Engineer Intern, Paid, Technology, Remote
Company 13, Software Engineer Intern, Paid, Technology, Remote
Company 14, Software Engineer Intern, Unpaid, Technology, Remote